CREATE TABLE User_ (
    User_ID INT PRIMARY KEY AUTO_INCREMENT,
    User_Name VARCHAR(255) NOT NULL,
    Password VARCHAR(255) NOT NULL
);

INSERT INTO User_ VALUES (100,"Raghu","test");
INSERT INTO User_ VALUES (101,"teja","test");

CREATE TABLE City (
    City_ID INT PRIMARY KEY AUTO_INCREMENT,
    City_Name VARCHAR(255) NOT NULL
);

INSERT INTO City VALUES (100,"Hyderabad");
INSERT INTO City VALUES (101,"Bangalore");

CREATE TABLE Theatre (
    Theatre_ID INT PRIMARY KEY AUTO_INCREMENT,
	Theatre_Name VARCHAR(255) NOT NULL,
	Theatre_Address VARCHAR(255) NOT NULL,
    City_ID INT NOT NULL,
    FOREIGN KEY (City_ID) REFERENCES Show(City)
);

INSERT INTO Theatre VALUES (100,"PVR","Hi-tech",100);
INSERT INTO Theatre VALUES (101,"INOX","Marthalli",101);

CREATE TABLE Movie (
    Movie_ID INT PRIMARY KEY AUTO_INCREMENT,
    Movie_Name VARCHAR(255) NOT NULL,
	Movie_Language VARCHAR(255) NOT NULL,
	Movie_Type VARCHAR(255) NOT NULL,
	Movie_Certificate VARCHAR(255) NOT NULL
);
INSERT INTO Movie VALUES (100,"Dasara","Telugu","2D","U");
INSERT INTO Movie VALUES (101,"Bahubali","Hindi","3D","U");

CREATE TABLE Screen (
    Screen_ID INT PRIMARY KEY AUTO_INCREMENT,
	Screen_Name VARCHAR(255) NOT NULL,
	Seating_Capacity INT NOT NULL,
    Theatre_ID INT NOT NULL,
	MOVIE_ID INT NOT NULL,
	Screen_Avablity DATETIME,
    FOREIGN KEY (Theatre_ID) REFERENCES Show(Theatre),
	FOREIGN KEY (MOVIE_ID) REFERENCES Show(Movie)
);

INSERT INTO Screen VALUES (100,"Screen Name 1",200,100,100,now());
INSERT INTO Screen VALUES (101,"Screen Name 2",201,100,100,now());
INSERT INTO Screen VALUES (102,"Screen Name 1",200,101,100,now());
INSERT INTO Screen VALUES (103,"Screen Name 2",202,101,101,now());

CREATE TABLE Screen_Seat (
    Screen_Seat_ID INT PRIMARY KEY AUTO_INCREMENT,
	Seat_Name VARCHAR(255) NOT NULL,
	Seating_Booked TINYINT NOT NULL,
    Screen_ID INT NOT NULL,
	FOREIGN KEY (Screen_ID) REFERENCES Show(Screen)
);

INSERT INTO Screen_Seat VALUES (100,"A1",1,100);
INSERT INTO Screen_Seat VALUES (101,"A2",0,100);
INSERT INTO Screen_Seat VALUES (102,"A3",0,100);
INSERT INTO Screen_Seat VALUES (103,"A4",0,100);
INSERT INTO Screen_Seat VALUES (104,"A5",0,100);
INSERT INTO Screen_Seat VALUES (105,"A6",0,100);
INSERT INTO Screen_Seat VALUES (106,"A7",0,100);
INSERT INTO Screen_Seat VALUES (107,"A8",0,100);

INSERT INTO Screen_Seat VALUES (108,"A1",0,103);
INSERT INTO Screen_Seat VALUES (109,"A2",0,103);
INSERT INTO Screen_Seat VALUES (110,"A3",0,103);
INSERT INTO Screen_Seat VALUES (111,"A4",0,103);
INSERT INTO Screen_Seat VALUES (112,"A5",0,103);
INSERT INTO Screen_Seat VALUES (113,"A6",0,103);
INSERT INTO Screen_Seat VALUES (114,"A7",0,103);
INSERT INTO Screen_Seat VALUES (115,"A8",0,103);